[{"id":"7c5a7217e949033205118ac076","class":"sheet","title":"画布 1","rootTopic":{"id":"b9aa22deba98b3b20c7ac8aca2","class":"topic","title":"中心主题","structureClass":"org.xmind.ui.map.unbalanced","titleUnedited":true,"children":{"attached":[{"id":"b58888b5ceebbf0e68dada0656","title":"a1","children":{"attached":[{"title":"b1","id":"582da173-2485-48fb-b7b2-6bacb0f8551d","children":{"attached":[{"title":"c1","id":"b1bb2e50-aea0-4ce4-9d48-494c98036e04","children":{"attached":[{"title":"d1","id":"1ce3129b-0fdc-497b-8b6b-5b88745a0ad4","children":{"attached":[{"title":"e1","id":"545ed1f2-3972-4a84-8072-5a301178561e"}]}},{"title":"d2","id":"360481ed-3d83-4c55-b7c8-30d6ef85e827","children":{"attached":[{"title":"e2","id":"a5173604-f247-4245-a9eb-0943d8328f13"}]}}]}},{"title":"c2","id":"c609f70a-ac0a-437c-9111-64a658ba672d","children":{"attached":[{"title":"d3","id":"e3a52909-ce35-42dd-8f94-de520d8a6c31","children":{"attached":[{"title":"e3","id":"a6cd0070-c60c-4eb5-8d90-166427e164df","children":{"attached":[{"title":"f1","id":"ea5d62c9-f279-4940-879b-6d733638c9a2"}]}},{"title":"e4","id":"5969c37d-3e16-4eae-8473-a25536eb4efa","children":{"attached":[{"title":"f2","id":"f336b821-9ed3-4dd4-8c56-77a149d59589"}]}},{"title":"e5","id":"b4d8f9dd-3e6a-4dc9-81ef-45c478dce9ca","children":{"attached":[{"title":"f3","id":"807fc31a-b689-4e74-8f46-2ab395704217"}]}},{"title":"e6","id":"45606790-9375-4821-8c8b-a262c4ba7627","children":{"attached":[{"title":"f4","id":"be0610fa-a24d-445d-8b4d-f68c5249c542"}]}}]}}]}}]}},{"title":"b2","id":"c3f3b759-be5f-40af-861d-c45b298ac6ba","children":{"attached":[{"title":"c3","id":"0c9658d4-1bb0-450c-b58e-2a334da4bef5","children":{"attached":[{"title":"d4","id":"5e96d982-9394-441f-8866-9f3bebfdc5fb"}]}},{"title":"c4","id":"2d091d49-c2ab-4718-8b09-1d08fe0a1010","children":{"attached":[{"title":"d5","id":"428c779e-f78e-454e-bfcc-3d0af77dae7b"}]}},{"title":"c5","id":"7c3e58dc-8bcf-4731-a92f-141110db8671","children":{"attached":[{"title":"d6","id":"79bd4fc6-6da3-426d-a10e-f7567600ddc9"}]}}]}}]}},{"id":"193b56735e689ae86a01d91513","title":"a2","children":{"attached":[{"title":"b3","id":"0ce4e397-5cef-4852-afd0-70bff1621e68","children":{"attached":[{"title":"c6","id":"ca4f117c-8e72-4b55-87df-7b28f269005c"}]}},{"title":"b4","id":"dad894ad-3e28-4abb-a488-0fbd477719c7","children":{"attached":[{"title":"c7","id":"8e85ba3e-a852-4cf1-8c13-d03b02e064cc"}]}}]}},{"id":"67ddbcb1-85c9-4478-a0aa-580e9fdcd971","title":"a3"}]},"extensions":[{"content":[{"content":"3","name":"right-number"}],"provider":"org.xmind.ui.map.unbalanced"}]},"theme":{"id":"db791d1fe94b291056ad2839c5","importantTopic":{"type":"topic","properties":{"fo:font-weight":"bold","fo:color":"#F8F7F7","svg:fill":"#111111"}},"minorTopic":{"type":"topic","properties":{"fo:font-weight":"bold","fo:color":"#F8F7F7","svg:fill":"#666666"}},"expiredTopic":{"type":"topic","properties":{"fo:font-style":"italic","fo:text-decoration":" line-through"}},"boundary":{"properties":{"fo:color":"#FFFFFF","fo:font-family":"NeverMind","fo:font-size":"13pt","fo:font-style":"normal","fo:font-weight":"700","line-color":"#F6212D","svg:fill":"none"},"styleId":"3d5eab6c-f768-4c73-9dc5-ac2795f45013","type":"boundary"},"calloutTopic":{"properties":{"fo:font-family":"NeverMind","fo:font-size":"14pt","fo:font-style":"normal","fo:font-weight":"600","fo:color":"#FFFFFF","svg:fill":"#ADADAD"},"styleId":"3c9c5a2b-e527-4e77-aa96-51b2c73cb4e3","type":"topic"},"centralTopic":{"properties":{"border-line-width":"0","fo:font-family":"NeverMind","fo:font-size":"28pt","fo:font-style":"normal","fo:font-weight":"600","line-color":"#333333","line-width":"4","svg:fill":"#F6212D"},"styleId":"c67dfd9d-476c-47bf-a561-49476f742e33","type":"topic"},"floatingTopic":{"properties":{"border-line-width":"0","fo:font-family":"NeverMind","fo:font-size":"16pt","fo:font-style":"normal","fo:font-weight":"600","line-color":"#292929","line-width":"2","fo:color":"#FFFFFF","svg:fill":"#ADADAD"},"styleId":"b34338f8-c30f-4520-9248-a1da562705cb","type":"topic"},"mainTopic":{"properties":{"border-line-width":"0","fo:font-family":"NeverMind","fo:font-size":"20pt","fo:font-style":"normal","fo:text-align":"left","fo:font-weight":"500","line-width":"3"},"styleId":"8506cd5f-ad7a-4c4c-a64c-8166a945c78a","type":"topic"},"map":{"properties":{"svg:fill":"#FFFFFF"},"styleId":"afe4154f-100a-49c3-9009-900be28ca289","type":"map"},"relationship":{"properties":{"arrow-begin-class":"org.xmind.arrowShape.none","arrow-end-class":"org.xmind.arrowShape.triangle","fo:color":"#292929","fo:font-family":"NeverMind","fo:font-size":"14pt","fo:font-style":"normal","fo:font-weight":"normal","line-color":"#292929","line-pattern":"dash"},"styleId":"1ac21f4e-6b09-42fc-a309-e75c8a988f83","type":"relationship"},"subTopic":{"properties":{"border-line-width":"0","fo:color":"#333333","fo:font-family":"NeverMind","fo:font-size":"14pt","fo:font-style":"normal","fo:font-weight":"500","shape-class":"org.xmind.topicShape.roundedRect","fo:text-align":"left","svg:fill":"#F8F7F7"},"styleId":"a331a2ef-4979-4f11-8fe3-d4bcc95c1fe2","type":"topic"},"summary":{"properties":{"line-color":"#292929","line-width":"2","shape-class":"org.xmind.summaryShape.round"},"styleId":"751cad1a-a7dd-46d7-ad49-2b864e9af36d","type":"summary"},"summaryTopic":{"properties":{"border-line-width":"0","fo:font-family":"NeverMind","fo:font-size":"16pt","fo:font-style":"normal","fo:font-weight":"600","line-class":"org.xmind.branchConnection.curve","line-width":"2","svg:fill":"#4051B5"},"styleId":"443dd197-6151-43ef-8f4b-11b61fed11fe","type":"topic"}},"topicPositioning":"fixed"}]